rand , 
Objective fxn :2, 
AFPD,CE, 
0.9895628683693517,0.9425343811394892, 
Average AFPD, Average CE, 
0.9895628683693517,0.9425343811394892, 

