ga , 
Objective fxn :2, 
AFPD,CE, 
0.9794590232949761,0.9268172888015718, 
Average AFPD, Average CE, 
0.9794590232949761,0.9268172888015718, 

