ga_cso , 
Objective fxn :2, 
AFPD,CE, 
0.9930360651136683,0.9798624754420432, 
Average AFPD, Average CE, 
0.9930360651136683,0.9798624754420432, 

