cso , 
Objective fxn :2, 
AFPD,CE, 
0.9801255964075218,0.9120825147347741, 
Average AFPD, Average CE, 
0.9801255964075218,0.9120825147347741, 

